Replicon,Plasmid_Name,NCBI_Accession,Size,HostRangeClass,IsolationSpecies,IsolationStain,IsolationSerovar,IsolationTaxid,HostRangeClaim,HostRangeRankClaim,Donor,Recipient,TransferRate,ConjugationTemperature,PMID,PMCID,DOI,Year,Author,Notes
IncF,F,NC_002483,99159,NarrowHostRange,Escherichia coli,K-12,NA,83333,Enterobacteriaceae,family,NA,NA,NA,NA,20851899,PMC2976426,10.1128/JB.00277-10,2010,Suzuki H,
IncF,p1658/97,NC_004998,125491,NarrowHostRange,Escherichia coli,NA,NA,562,Enterobacteriaceae,family,NA,NA,NA,NA,20851899,PMC2976427,10.1128/JB.00277-10,2010,Suzuki H,
IncF,pC15-1a,NC_005327,92353,NarrowHostRange,Escherichia coli,NA,NA,562,Enterobacteriaceae,family,NA,NA,NA,NA,20851899,PMC2976428,10.1128/JB.00277-10,2010,Suzuki H,
IncF,pIP1206,NC_010558,168113,NarrowHostRange,Escherichia coli,NA,NA,562,Enterobacteriaceae,family,NA,NA,NA,NA,20851899,PMC2976429,10.1128/JB.00277-10,2010,Suzuki H,
IncF,pO26I,NC_011812,72946,NarrowHostRange,Escherichia coli,H30,O26:H11,562,Enterobacteriaceae,family,NA,NA,NA,NA,20851899,PMC2976430,10.1128/JB.00277-10,2010,Suzuki H,
IncF,pO86A1,NC_008460,120730,NarrowHostRange,Escherichia coli,DIJ1,O86:H-,562,Enterobacteriaceae,family,NA,NA,NA,NA,20851899,PMC2976431,10.1128/JB.00277-10,2010,Suzuki H,
IncF,pSMS35_130,NC_010488,130440,NarrowHostRange,Escherichia coli,SMS-3-5,NA,439855,Enterobacteriaceae,family,NA,NA,NA,NA,20851899,PMC2976432,10.1128/JB.00277-10,2010,Suzuki H,
IncFII,R100,NC_002134,94281,NarrowHostRange,Shigella flexneri,222,NA,1288825,Enterobacteriaceae,family,NA,NA,NA,NA,20851899,PMC2976433,,2010,Suzuki H,
IncH,pAPEC-O1-R,NC_009838,241387,WideHostRange,Escherichia coli,APEC O1,O1:K1,405955,Enterobacteriales,order,NA,NA,NA,NA,20851899,PMC2976434,,2010,Suzuki H,
IncH,pEC-IMP,NC_012555,318782,WideHostRange,Enterobacter cloacae,NA,NA,550,Enterobacteriales,order,NA,NA,NA,NA,20851899,PMC2976435,,2010,Suzuki H,
IncH,pHCM1,NC_003384,218160,WideHostRange,Salmonella enterica,CT18,Typhi,220341,Enterobacteriales,order,NA,NA,NA,NA,20851899,PMC2976436,,2010,Suzuki H,
IncH,pK29,NC_010870,269674,WideHostRange,Klebsiella pneumoniae,NK29,NA,573,Enterobacteriales,order,NA,NA,NA,NA,20851899,PMC2976437,,2010,Suzuki H,
IncH,pMAK1,NC_009981,208409,WideHostRange,Salmonella enterica,L-2454,Choleraesuis,119912,Enterobacteriales,order,NA,NA,NA,NA,20851899,PMC2976438,,2010,Suzuki H,
IncH,R27,NC_002305,180461,WideHostRange,Salmonella enterica,NA,NA,90370,Enterobacteriales,order,NA,NA,NA,NA,20851899,PMC2976439,,2010,Suzuki H,
IncH,R478,NC_005211,274762,WideHostRange,Serratia marcescens,NA,NA,615,Enterobacteriales,order,NA,NA,NA,NA,20851899,PMC2976440,,2010,Suzuki H,
IncI,ColIb-P9,NC_002122,93399,WideHostRange,Shigella sonnei,NA,NA,624,Enterobacteriales,order,NA,NA,NA,NA,20851899,PMC2976441,,2010,Suzuki H,
IncI,pCVM29188_101,NC_011077,101461,WideHostRange,Salmonella enterica,CVM29188,Kentucky,439842,Enterobacteriales,order,NA,NA,NA,NA,20851899,PMC2976442,,2010,Suzuki H,
IncI,pO113,NC_007365,165548,WideHostRange,Escherichia coli,EH41,NA,562,Enterobacteriales,order,NA,NA,NA,NA,20851899,PMC2976443,,2010,Suzuki H,
IncI,pO26-Vir,NC_012487,168100,WideHostRange,Escherichia coli,H30,NA,562,Enterobacteriales,order,NA,NA,NA,NA,20851899,PMC2976444,,2010,Suzuki H,
IncI,pSE11-1,NC_011419,100021,WideHostRange,Escherichia coli,SE11,NA,409438,Enterobacteriales,order,NA,NA,NA,NA,20851899,PMC2976445,,2010,Suzuki H,
IncI,pSL476_91,NC_011081,91374,WideHostRange,Salmonella enterica,SL476,Heidelberg,454169,Enterobacteriales,order,NA,NA,NA,NA,20851899,PMC2976446,,2010,Suzuki H,
IncI1,R64,NC_005014.1,120826,WideHostRange,Salmonella enterica,NA,NA,90371,Enterobacteriales,order,E.coli CL83,E.coli TN102,8.70E-02,37,20851899,PMC2976447,,2010,Suzuki H,
IncI1,pCMY2,LC019731.1,102199,WideHostRange,Escherichia coli,NA,NA,562,NA,NA,E. coli TVGHEC01,E.coli TVGHKP60 ,5.20E-06,37,25987637,PMC4505199,10.1128/AAC.00492-15,2015,"Lin,Y.T.",
IncI2,pMCR1-IncI2,KU761326,64964,WideHostRange,Escherichia coli,SZ02,NA,562,NA,NA,NA,NA,NA,NA,26842776,NA,10.1128/AAC.00550-16,2016,"Li,A.",
IncI2,pSH146_65,JN983044,65030,NarrowHostRange,Salmonella enterica,NA,Heidelberg,611,NA,NA,NA,NA,NA,NA,26842776,NA,10.1128/AAC.00550-16,2016,"Li,A.",
IncI2,pBK15692,KC845573,77801,NarrowHostRange,Klebsiella pneumoniae,NA,NA,573,NA,NA,NA,NA,NA,NA,26842776,NA,10.1128/AAC.00550-16,2016,"Li,A.",
IncI2,pHNSHP45,KP347127,64015,NarrowHostRange,Escherichia coli,SHP45,,562,NA,NA,NA,NA,NA,NA,26842776,NA,10.1128/AAC.00550-16,2016,"Li,A.",
IncI2,pR721,AP002527,75582,NarrowHostRange,Escherichia coli,NA,NA,562,NA,NA,NA,NA,NA,NA,30761100,PMC6361801 ,https://doi.org/10.3389/fmicb.2019.00048,2019,Zhang D,Reference IncI2
IncI2,pMRY16-002_4,AP017614 ,61805,NarrowHostRange,Escherichia coli,NA,NA,562,NA,NA,NA,NA,NA,NA,30761100,PMC6361801 ,https://doi.org/10.3389/fmicb.2019.00048,2019,Zhang D,
IncI2,pChi7122-3,FR851304,56676,NarrowHostRange,Escherichia coli,7122,O78:K80:H9,562,NA,NA,NA,NA,NA,NA,30761100,PMC6361801,https://doi.org/10.3389/fmicb.2019.00048,2019,Zhang D,
IncI2,pBK15692,KC845573,77801,NarrowHostRange,Klebsiella pneumoniae,NA,NA,573,NA,NA,NA,NA,NA,NA,30761100,PMC6361801,https://doi.org/10.3389/fmicb.2019.00048,2019,Zhang D,
IncI2,pOM97-mcr,KY693674,63722,NarrowHostRange,Escherichia coli,NA,NA,562,NA,NA,NA,NA,NA,NA,30761100,PMC6361801,https://doi.org/10.3389/fmicb.2019.00048,2019,Zhang D,
IncI2,p1081-CTXM,KJ460501,62194,NarrowHostRange,Shigella sonnei,1081,NA,624,NA,NA,NA,NA,NA,NA,30761100,PMC6361801,https://doi.org/10.3389/fmicb.2019.00048,2019,Zhang D,
IncI2,pHN1122-1,JN797501,62196,NarrowHostRange,Escherichia coli,NA,NA,562,NA,NA,NA,NA,NA,NA,30761100,PMC6361801,https://doi.org/10.3389/fmicb.2019.00048,2019,Zhang D,
IncI2,pCTXM64_C0967,KP091735,62194,NarrowHostRange,Escherichia coli,NA,NA,562,NA,NA,E. coli,E. coli J53,1.00E-02,37,25861872,NA,10.1016/j.diagmicrobio.2015.02.010,2015,"Ho,P.L.",
IncI2,pCTXM132_P0421,KP198615,,NarrowHostRange,Escherichia coli,NA,NA,562,NA,NA,E. coli,E. coli J53,1.00E-04,37,25861872,NA,10.1016/j.diagmicrobio.2015.02.010,2015,"Ho,P.L.",
IncI1,pKHSB1,HF572032,94089,NarrowHostRange,Shigella sonnei,NA,NA,624,NA,NA,NA,NA,NA,NA,30761100,PMC6361801,https://doi.org/10.3389/fmicb.2019.00048,2019,Zhang D,
IncI1,pEC545_1,CP018975,95926,NarrowHostRange,Escherichia coli,NA,NA,562,NA,NA,NA,NA,NA,NA,30761100,PMC6361801,https://doi.org/10.3389/fmicb.2019.00048,2019,Zhang D,
IncI1,pHNRD174,KX246268,86207,NarrowHostRange,Escherichia coli,RD174,NA,562,NA,NA,NA,NA,NA,NA,30761100,PMC6361801,https://doi.org/10.3389/fmicb.2019.00048,2019,Zhang D,
IncI1,p628-CTXM,KP987217,85338,NarrowHostRange,Klebsiella pneumoniae,628,NA,573,NA,NA,NA,NA,NA,NA,30761100,PMC6361801,https://doi.org/10.3389/fmicb.2019.00048,2019,Zhang D,
IncI1,pSD107,NC_019137.1,107637,NarrowHostRange,Salmonella enterica,NA,Derby,28144,NA,NA,Salmonella enterica,E. coli DH5,5.00E-06,37,23333216,NA,https://doi.org/10.1016/j.plasmid.2013.01.001,2013,Anne Bleicher,
IncI1,pSH1148,JN983049.1,106833,NarrowHostRange,Salmonella enterica ,NA,Heidelberg,611,NA,NA,NA,NA,NA,NA,23333216,NA,https://doi.org/10.1016/j.plasmid.2013.01.001,2013,Anne Bleicher,
IncI1,pND11_107,HQ114281.1,107138,NarrowHostRange,Escherichia coli,NA,NA,562,NA,NA,NA,NA,NA,NA,23333216,NA,https://doi.org/10.1016/j.plasmid.2013.01.001,2013,Anne Bleicher,
IncI1,pPWD4_103,HQ114284.1,103297,NarrowHostRange,Escherichia coli,NA,NA,562,NA,NA,NA,NA,NA,NA,23333216,NA,https://doi.org/10.1016/j.plasmid.2013.01.001,2013,Anne Bleicher,
IncI1,pEK204,EU935740.1,93732,NarrowHostRange,Escherichia coli ,C,NA,562,NA,NA,NA,NA,NA,NA,23333216,NA,https://doi.org/10.1016/j.plasmid.2013.01.001,2013,Anne Bleicher,
IncI1,pCTXM1-MU2,MF152729,110255,NarrowHostRange,Escherichia coli,NA,NA,562,NA,NA,E. coli,E. coli J53,3.40E-02,37,29899511,PMC6155088,10.1038/s41396-018-0200-3,2018,Sam Abraham,
IncI1-Igamma,pSL476_91,CP001118,91374,NarrowHostRange,Salmonella enterica,NA,Heidelberg,454169,NA,NA,NA,NA,NA,NA,30761100,PMC6361801,https://doi.org/10.3389/fmicb.2019.00048,2019,Zhang D,
IncI1-Igamma,pIFM3804,KF787110,104399,NarrowHostRange,Escherichia coli,B3804,NA,562,NA,NA,NA,NA,NA,NA,30761100,PMC6361801,https://doi.org/10.3389/fmicb.2019.00048,2019,Zhang D,
IncI1-Igamma,pH2291-112,KJ484629,112671,NarrowHostRange,Escherichia coli,NA,NA,562,NA,NA,NA,NA,NA,NA,30761100,PMC6361801,https://doi.org/10.3389/fmicb.2019.00048,2019,Zhang D,
IncI1-Igamma,p14E509-CTXM,MG764547,112544,NarrowHostRange,Escherichia coli ,NA,NA,562,NA,NA,NA,NA,NA,NA,30761100,PMC6361801,https://doi.org/10.3389/fmicb.2019.00048,2019,Zhang D,
IncI1-Igamma,pCVM29188_101,CP001121,101461,NarrowHostRange,Salmonella enterica,CVM29188,Kentucky,439842,NA,NA,Salmonella Kentucky CVM29188,Salmonella Kentucky CVM35942,1.40E-01,37,30761100,PMC6361801,https://doi.org/10.3389/fmicb.2019.00048,2019,Zhang D,
IncI1-Igamma,pC-6,KT186369,90486,NarrowHostRange,Escherichia coli ,NA,NA,562,NA,NA,NA,NA,NA,NA,30761100,PMC6361801,https://doi.org/10.3389/fmicb.2019.00048,2019,Zhang D,
IncI1-Igamma,pR7AC,KF434766,90449,NarrowHostRange,Escherichia coli,NA,NA,562,NA,NA,NA,NA,NA,NA,30761100,PMC6361801,https://doi.org/10.3389/fmicb.2019.00048,2019,Zhang D,
IncI1-Igamma,pSD107,JX566770,107637,NarrowHostRange,Salmonella enterica,NA,Derby,28144,NA,NA,NA,NA,NA,NA,30761100,PMC6361801,https://doi.org/10.3389/fmicb.2019.00048,2019,Zhang D,
IncI1-Igamma,pS51_1,CP015996,93029,NarrowHostRange,Escherichia coli,NA,NA,562,NA,NA,NA,NA,NA,NA,30761100,PMC6361801,https://doi.org/10.3389/fmicb.2019.00048,2019,Zhang D,
IncI1-Igamma,pC23-89,KJ484639,89513,NarrowHostRange,Escherichia coli,NA,NA,562,NA,NA,NA,NA,NA,NA,30761100,PMC6361801,https://doi.org/10.3389/fmicb.2019.00048,2019,Zhang D,
IncI1-Igamma,pEC15I_2,KU932030,87767,NarrowHostRange,Escherichia coli,NA,NA,562,NA,NA,NA,NA,NA,NA,30761100,PMC6361801,https://doi.org/10.3389/fmicb.2019.00048,2019,Zhang D,
IncI1-Igamma,p11011-CTXM,MF344575,131779,NarrowHostRange,Escherichia coli,140611011,NA,562,NA,NA,NA,NA,NA,NA,30761100,PMC6361801,https://doi.org/10.3389/fmicb.2019.00048,2019,Zhang D,
IncI1-Igamma,pC271,LN735561,125315,NarrowHostRange,Escherichia coli,NA,NA,562,NA,NA,NA,NA,NA,NA,30761100,PMC6361801,https://doi.org/10.3389/fmicb.2019.00048,2019,Zhang D,
IncI1-Igamma,pFORC11.2,CP010831,83905,NarrowHostRange,Escherichia coli,NA,NA,562,NA,NA,NA,NA,NA,NA,30761100,PMC6361801,https://doi.org/10.3389/fmicb.2019.00048,2019,Zhang D,
IncI1-Igamma,p205880-NR2,MF344577,82822,NarrowHostRange,Klebsiella pneumoniae,NA,NA,573,NA,NA,NA,NA,NA,NA,30761100,PMC6361801,https://doi.org/10.3389/fmicb.2019.00048,2019,Zhang D,
IncI1-Igamma,pESBL-EA11,CP003290,88544,NarrowHostRange,Escherichia coli,2011C-3493,O104:H4,1133852,NA,NA,NA,NA,NA,NA,30761100,PMC6361801,https://doi.org/10.3389/fmicb.2019.00048,2019,Zhang D,
IncI1-Igamma,pEC_Bactec,GU371927,92970,NarrowHostRange,Escherichia coli,NA,NA,562,NA,NA,NA,NA,NA,NA,30761100,PMC6361801,https://doi.org/10.3389/fmicb.2019.00048,2019,Zhang D,
IncI1-Igamma,pB15,KM409652,102294,NarrowHostRange,Escherichia coli,REL5382,NA,562,NA,NA,NA,NA,NA,NA,30761100,PMC6361801,https://doi.org/10.3389/fmicb.2019.00048,2019,Zhang D,
IncI1-Igamma,R621a,AP011954,93185,NarrowHostRange,Salmonella enteric,NA,Typhimurium,90371,NA,NA,NA,NA,NA,NA,30761100,PMC6361801,https://doi.org/10.3389/fmicb.2019.00048,2019,Zhang D,Reference plasmid
IncN,pKP12,NC_011385,75617,BroadHostRange,Klebsiella pneumoniae,12,NA,573,Enterobacteriales,order,NA,NA,NA,NA,20851899,PMC2976448,,2010,Suzuki H,
IncN,pKP9,NC_011383,70655,BroadHostRange,Klebsiella pneumoniae,9,NA,573,Enterobacteriales,order,NA,NA,NA,NA,20851899,PMC2976449,,2010,Suzuki H,
IncN,pKP96,NC_011617,67850,BroadHostRange,Klebsiella pneumoniae,KP96,NA,573,Enterobacteriales,order,NA,NA,NA,NA,20851899,PMC2976450,,2010,Suzuki H,
IncN,pLEW517,NC_009132,63946,BroadHostRange,Escherichia coli,517-2H1,NA,562,Enterobacteriales,order,NA,NA,NA,NA,20851899,PMC2976451,,2010,Suzuki H,
IncN,pMAK2,NC_009980,61571,BroadHostRange,Salmonella enterica,L-789,Dublin,98360,Enterobacteriales,order,NA,NA,NA,NA,20851899,PMC2976452,,2010,Suzuki H,
IncN,pMUR050,NC_007682,56634,BroadHostRange,Escherichia coli,NA,NA,562,Enterobacteriales,order,NA,NA,NA,NA,20851899,PMC2976453,,2010,Suzuki H,
IncN,R46,NC_003292,50969,BroadHostRange,Salmonella enterica,NA,Typhimurium,90371,Enterobacteriales,order,NA,NA,NA,NA,20851899,PMC2976454,,2010,Suzuki H,
IncN,pDS2,KC170280.1,56683,BroadHostRange,uncultured bacterium,NA,NA,77133,Gammaproteobacteria,class,E. coli K12Nal,Pseudomonas putida UCW1gfp,NA,37,24096417,PMC3837812,10.1128/AEM.02252-13,2013,Celeste J. Brown,plasmid conjugative
IncN,pDS2,KC170280.1,56683,BroadHostRange,uncultured bacterium,NA,NA,77133,Betaproteobacteria,class,E. coli K12Nal,Cupriavidus pinatubonensis JMP228gfp,NA,37,24096417,PMC3837812,10.1128/AEM.02252-13,2013,Celeste J. Brown,plasmid conjugative
IncN,pDS2,KC170280.1,56683,BroadHostRange,uncultured bacterium,NA,NA,77133,Alphaproteobacteria,class,E. coli K12Nal,Sinorhizobium meliloti RM1021,NA,37,24096417,PMC3837812,10.1128/AEM.02252-13,2013,Celeste J. Brown,plasmid conjugative
IncP,pA1,NC_007353,46557,BroadHostRange,Sphingomonas sp. A1,A1,NA,90322,Proteobacteria,phylum,NA,NA,NA,NA,20851899,PMC2976455,,2010,Suzuki H,IncP1-beta2 The beta2  subclade

IncP,pA81,NC_006830,98192,BroadHostRange,Achromobacter xylosoxidans,A8,NA,762376,Proteobacteria,phylum,NA,NA,NA,NA,20851899,PMC2976455,,2010,Suzuki H,
IncP,pADP-1,NC_004956,108845,BroadHostRange,Pseudomonas sp. ADP,ADP,NA,47660,Proteobacteria,phylum,NA,NA,NA,NA,20851899,PMC2976455,,2010,Suzuki H,
IncP,pAMMD_1,NC_008385,43581,BroadHostRange,Burkholderia ambifaria,AMMD,NA,339670,Proteobacteria,phylum,NA,NA,NA,NA,20851899,PMC2976455,,2010,Suzuki H,
IncP,pAOVO02,NC_008766,63609,BroadHostRange,Acidovorax sp. JS42,JS42,NA,232721,Proteobacteria,phylum,NA,NA,NA,NA,20851899,PMC2976455,,2010,Suzuki H,
IncP,pB10,NC_004840,64508,BroadHostRange,uncultured bacterium,NA,NA,77133,Proteobacteria,phylum,NA,NA,NA,NA,20851899,PMC2976455,,2010,Suzuki H,
IncP,pB3,NC_006388.1,56167,BroadHostRange,Escherichia coli,DH5,NA,562,Proteobacteria,phylum,E. coli strain DH5,Sinorhizobium meliloti Rm1021,1.00E-03,37,20851899,PMC2976455,,2010,Suzuki H,pB3 revealed the typical structure of an IncP-1 beta plasmid backbone (PMID: 15528648)
IncP,pB4,NC_003430,79370,BroadHostRange,uncultured bacterium,NA,NA,77133,Proteobacteria,phylum,NA,NA,NA,NA,20851899,PMC2976455,,2010,Suzuki H,
IncP,pB8,NC_007502,57198,BroadHostRange,uncultured bacterium,NA,NA,77133,Proteobacteria,phylum,NA,NA,NA,NA,20851899,PMC2976455,,2010,Suzuki H,
IncP,pBP136,NC_008459,41268,BroadHostRange,Bordetella pertussis,BP136,NA,520,Proteobacteria,phylum,NA,NA,NA,NA,20851899,PMC2976455,,2010,Suzuki H,
IncP,pBS228,NC_008357,89147,BroadHostRange,Pseudomonas aeruginosa,NA,NA,287,Proteobacteria,phylum,NA,NA,NA,NA,20851899,PMC2976455,,2010,Suzuki H,
IncP,pCNB,NC_010935,91181,BroadHostRange,Comamonas testosteroni,NA,NA,543891,Proteobacteria,phylum,NA,NA,NA,NA,20851899,PMC2976455,,2010,Suzuki H,
IncP,pEST4011,NC_005793,76958,BroadHostRange,Achromobacter denitrificans,EST4002,NA,32002,Proteobacteria,phylum,NA,NA,NA,NA,20851899,PMC2976455,,2010,Suzuki H,
IncP,pIJB1,DQ065837,99448,BroadHostRange,Burkholderia cepacia,2a,NA,292,Proteobacteria,phylum,NA,NA,NA,NA,20851899,PMC2976455,,2010,Suzuki H,
IncP,pJP4,NC_005912,87688,BroadHostRange,Cupriavidus pinatubonensis,JMP134,NA,264198,Proteobacteria,phylum,NA,NA,NA,NA,20851899,PMC2976455,,2010,Suzuki H,
IncP,pKJK5,NC_008272,54383,BroadHostRange,uncultured bacterium,NA,NA,77133,Proteobacteria,phylum,NA,NA,NA,NA,20851899,PMC2976455,,2010,Suzuki H,
IncP,pQKH54,NC_008055,69966,BroadHostRange,uncultured bacterium,NA,NA,77133,Proteobacteria,phylum,Pseudomonas putida UWCB20,Pseudomonas putida UWC7,1.00E+01,30,20851899,PMC2976455,,2010,Suzuki H,"One plasmid, pQKH54, which appeared to be IncP-1 by some tests but not others was characterized by determining its complete genome sequence and proved to belong to a new subgroup of this ubiquitous plasmid family, which we have designated IncP-1 gamma (DOI: 10.1099/mic.0.28941-0). pQKH54 (Gammma clade; GenBank accession no. AM157767),"
IncP,pTB11,NC_006352,68869,BroadHostRange,uncultured bacterium,NA,NA,77133,Proteobacteria,phylum,NA,NA,NA,NA,20851899,PMC2976455,,2010,Suzuki H,
IncP,pTP6,NC_007680,54344,BroadHostRange,uncultured bacterium,NA,NA,77133,Proteobacteria,phylum,NA,NA,NA,NA,20851899,PMC2976455,,2010,Suzuki H,
IncP,pUO1,NC_005088,67066,BroadHostRange,Delftia acidovorans,B,NA,80866,Proteobacteria,phylum,NA,NA,NA,NA,20851899,PMC2976455,,2010,Suzuki H,
IncP,R751,NC_001735,53423,BroadHostRange,Klebsiella aerogenes,NA,NA,548,Proteobacteria,phylum,NA,NA,NA,NA,20851899,PMC2976455,,2010,Suzuki H,IncP1-beta1 The beta1  subclade
IncP,RK2,NC_001621,60099,BroadHostRange,Pseudomonas aeruginosa,NA,NA,287,Proteobacteria,phylum,NA,NA,NA,NA,20851899,PMC2976455,,2010,Suzuki H,
IncP,pMCR_1511,KX377410.1,57278,BroadHostRange,Klebsiella pneumoniae,WCHKP1511,NA,573,NA,NA,Klebsiella pneumoniae WCHKP1511 ,E. coli strain J53,1.00E-02,37,27895009,PMC5278755 ,10.1128/AAC.02229-16,2017,Zhao F,pMCR_1511 has the typical IncP-1 plasmid backbone (PMID: 27895009)
IncP,pAKD4,NC_025029,56803,BroadHostRange,Pseudomonas putida ,NA,NA,303,Gammaproteobacteria,class,Pseudomonas putida UWC1,P. putida KT2442,NA,30,20018208,PMC2819548,10.1016/j.plasmid.2009.11.005,2010,"Sen,D.",pAKD4 (Delta clade; GenBank accession no. NC_025029) (PMID: 27895009).plasmid conjugative
IncP,pAKD4,NC_025029,56803,BroadHostRange,Pseudomonas putida ,NA,NA,303,Betaproteobacteria,class,Pseudomonas putida UWC1,C. necator JMP228,NA,30,20018208,PMC2819548,10.1016/j.plasmid.2009.11.005,2010,"Sen,D.",pAKD4 (Delta clade; GenBank accession no. NC_025029) (PMID: 27895009).plasmid conjugative
IncP,pKJK5,AM261282,54383,BroadHostRange,Kluyvera sp.,NA,NA,579,NA,NA,Kluyvera sp. MB101::gfp,E. coli CSH26,0.262,37,54383,NA,10.1111/j.1574-6968.2006.00536.x,2007,"Bahl,M.I.",pKJK5 (Epsilon clade; GenBank accession no. AM261282) (PMID: 27895009)
IncP,pMCBF1,AY950444,62689,BroadHostRange,Pseudomonas putida ,NA,NA,303,Bacteria,superkingdom,Pseudomonas putida UWC1,Escherichia coli ,NA,26,21468020,NA,10.1038/ncomms1267,2011,"Norberg,P.",
IncW,pIE321,NC_010716,38150,BroadHostRange,Salmonella enterica,enterica,Dublin,98360,Proteobacteria,phylum,NA,NA,NA,NA,20851899,PMC2976455,,2010,Suzuki H,
IncW,pMAK3,NC_009982,39924,BroadHostRange,Salmonella enterica,enterica,Dublin,98360,Proteobacteria,phylum,NA,NA,NA,NA,20851899,PMC2976455,,2010,Suzuki H,
IncW,R388,BR000038,33913,BroadHostRange,Escherichia coli,NA,NA,562,Proteobacteria,phylum,NA,NA,NA,NA,20851899,PMC2976455,,2010,Suzuki H,
IncW,R7K,NC_010643,39792,BroadHostRange,Providencia rettgeri,NA,NA,587,Proteobacteria,phylum,NA,NA,NA,NA,20851899,PMC2976455,NA,2010,Suzuki H,
IncA/C,pAM04528,NC_012693,158213,BroadHostRange,Salmonella enterica,AM04528,NA,28901,Proteobacteria,phylum,NA,NA,NA,NA,20851899,PMC2976455,NA,2010,Suzuki H,
IncA/C,pAR060302,NC_012692,166530,BroadHostRange,Escherichia coli,AR060302,NA,562,Proteobacteria,phylum,NA,NA,NA,NA,20851899,PMC2976455,NA,2010,Suzuki H,
IncA/C,pAsa4,NC_009349,166749,BroadHostRange,Aeromonas salmonicida,A449,NA,382245,Proteobacteria,phylum,NA,NA,NA,NA,20851899,PMC2976455,NA,2010,Suzuki H,
IncA/C,peH4H,NC_012690,148105,BroadHostRange,Escherichia coli,H4H,NA,562,Proteobacteria,phylum,NA,NA,NA,NA,20851899,PMC2976455,NA,2010,Suzuki H,
IncA/C,pIP1202,NC_009141,182913,BroadHostRange,Yersinia pestis,IP275,NA,373665,Proteobacteria,phylum,NA,NA,NA,NA,20851899,PMC2976455,NA,2010,Suzuki H,
IncA/C,pP91278,NC_008613,131520,BroadHostRange,Photobacterium damselae,USA91278,NA,38294,Proteobacteria,phylum,NA,NA,NA,NA,20851899,PMC2976455,NA,2010,Suzuki H,
IncA/C,pP99-018,NC_008612,150157,BroadHostRange,Photobacterium damselae,PT99-018,NA,38294,Proteobacteria,phylum,NA,NA,NA,NA,20851899,PMC2976455,NA,2010,Suzuki H,
IncA/C,pRA1,NC_012885,143963,BroadHostRange,Aeromonas hydrophila,NA,NA,644,Proteobacteria,phylum,NA,NA,NA,NA,20851899,PMC2976455,NA,2010,Suzuki H,
IncA/C,pSN254,NC_009140,176473,BroadHostRange,Salmonella enterica,SL254,Newport,423368,Proteobacteria,phylum,NA,NA,NA,NA,20851899,PMC2976455,NA,2010,Suzuki H,
IncA/C,pYR1,NC_009139,158038,BroadHostRange,Yersinia ruckeri,YR71,NA,29486,Proteobacteria,phylum,NA,NA,NA,NA,20851899,PMC2976455,NA,2010,Suzuki H,
IncL/M,pCTX-M3,NC_004464,89468,BroadHostRange,Citrobacter freundii,NA,NA,546,Proteobacteria,phylum,NA,NA,NA,NA,20851899,PMC2976455,NA,2010,Suzuki H,
IncL/M,pCTXM360,NC_011641,68018,BroadHostRange,Klebsiella pneumoniae,773,NA,573,Proteobacteria,phylum,NA,NA,NA,NA,20851899,PMC2976455,NA,2010,Suzuki H,
IncL/M,pEL60,NC_005246,60145,BroadHostRange,Erwinia amylovora,LebB66,NA,552,Proteobacteria,phylum,NA,NA,NA,NA,20851899,PMC2976455,NA,2010,Suzuki H,
IncP-9,NAH7,NC_007926,82232,NarrowHostRange,Pseudomonas putida,G7,NA,303,Proteobacteria,phylum,NA,NA,NA,NA,20851899,PMC2976455,NA,2010,Suzuki H,
IncP-9,pDTG1,NC_004999,83042,NarrowHostRange,Pseudomonas putida,NCIB 9816-4,NA,303,Proteobacteria,phylum,NA,NA,NA,NA,20851899,PMC2976455,NA,2010,Suzuki H,
IncP-9,pNAH20,NC_012674,83042,NarrowHostRange,Pseudomonas fluorescens,PC20,NA,294,Proteobacteria,phylum,NA,NA,NA,NA,20851899,PMC2976455,NA,2010,Suzuki H,
IncP-9,pWW0,NC_003350,116580,NarrowHostRange,Pseudomonas putida,NA,NA,303,Proteobacteria,phylum,NA,NA,NA,NA,20851899,PMC2976455,NA,2010,Suzuki H,
IncQ,pCCK1900,NC_011378,10226,BroadHostRange,Pasteurella multocida,NA,NA,747,Proteobacteria,phylum,NA,NA,NA,NA,20851899,PMC2976455,NA,2010,Suzuki H,
IncQ,pCHE-A,NC_012006,7560,BroadHostRange,Enterobacter cloacae,CHE-2,NA,550,Proteobacteria,phylum,NA,NA,NA,NA,20851899,PMC2976455,NA,2010,Suzuki H,
IncQ,pDN1,NC_002636.1,5112,BroadHostRange,Dichelobacter nodosus,NA,NA,870,Proteobacteria,phylum,NA,NA,NA,NA,20851899,PMC2976455,NA,2010,Suzuki H,
IncQ,pIE1115,NC_002524,10687,BroadHostRange,uncultured eubacterium pIE1115,NA,NA,136143,Proteobacteria,phylum,NA,NA,NA,NA,20851899,PMC2976455,NA,2010,Suzuki H,
IncQ,pIE1130,NC_004973,10687,BroadHostRange,uncultured bacterium,NA,NA,77133,Proteobacteria,phylum,NA,NA,NA,NA,20851899,PMC2976455,NA,2010,Suzuki H,
IncQ,pMS260,NC_005312,8124,BroadHostRange,Actinobacillus pleuropneumoniae,NA,NA,715,Proteobacteria,phylum,NA,NA,NA,NA,20851899,PMC2976455,NA,2010,Suzuki H,
IncQ,RSF1010,NC_001740,8684,BroadHostRange,Escherichia coli,NA,NA,562,Proteobacteria,phylum,NA,NA,NA,NA,20851899,PMC2976455,NA,2010,Suzuki H,
IncQ,pQ7,FJ696404.1,9042,BroadHostRange,Escherichia coli,NA,NA,562,NA,NA,E. coli TB7,E. coli J53,0,NA,20525990,NA,NA,2010,"Poirel,L.",plasmid non-conjugative
IncQ,pRSFlOlO ,M28829.1,8684,BroadHostRange,Escherichia coli,NA,NA,562,NA,NA,NA,NA,0,NA,2653965,NA,NA,1989,Scholz P,plasmid non-conjugative
IncU,pFBAOT6,NC_006143,84749,BroadHostRange,Aeromonas caviae,HGB5,NA,648,Proteobacteria,phylum,NA,NA,NA,NA,20851899,PMC2976455,NA,2010,Suzuki H,
IncU,pRA3,NC_010919,45909,BroadHostRange,Aeromonas hydrophila,NA,NA,644,Proteobacteria,phylum,NA,NA,NA,NA,20851899,PMC2976455,NA,2010,Suzuki H,
IncU,pRA3,DQ401103,45909,BroadHostRange,Aeromonas hydrophila,NA,NA,644,Alphaproteobacteria,class,E. coli ,A. tumefaciens,1.00E-04,28,18502921,PMC2446526 ,10.1128/AEM.00229-08,2008,Kulinska A,"Functional analysis demonstrated that RA3 possesses a broad host range and can efficiently self-transfer, replicate, and be maintained stably in alpha-, beta-, and gammaproteobacteria"
IncU,pRA3,DQ401103,45909,BroadHostRange,Aeromonas hydrophila,NA,NA,644,Betaproteobacteria,class,E. coli ,R. eutropha,1.00E-01,28,18502921,PMC2446526 ,10.1128/AEM.00229-08,2008,Kulinska A,"Functional analysis demonstrated that RA3 possesses a broad host range and can efficiently self-transfer, replicate, and be maintained stably in alpha-, beta-, and gammaproteobacteria"
IncU,pFBAOT6,NC_006143.1,84749,BroadHostRange,Aeromonas caviae,NA,NA,648,NA,NA,Aeromonas caviae HG5B,Escherichia coli J53-1 ,1.00E-04,37,30619542,PMC6312765 ,doi:10.1016/j.plasmid.2005.11.003,2006,"Haines, A. S.","This plasmid was originally isolated from a hospital effluent (Kendal, Cumbria, United Kingdom) strain of Aeromonas caviae HG5B in September 1997 and was subsequently transferred to Escherichia coli J53-1 by conjugation"
IncU,pRA3,DQ401103,45909,BroadHostRange,Aeromonas hydrophila,NA,NA,644,Gammaproteobacteria,class,E. coli ,P. putida ,1.00E-01,28,18502921,PMC2446526 ,10.1128/AEM.00229-08,2008,Kulinska A,"Functional analysis demonstrated that RA3 possesses a broad host range and can efficiently self-transfer, replicate, and be maintained stably in alpha-, beta-, and gammaproteobacteria"
IncU,pMBUI7,KC170284.1,34006,BroadHostRange,uncultured bacterium,NA,NA,77133,Gammaproteobacteria,class,E. coli K12Nal,Pseudomonas putida UCW1gfp,NA,37,24096417,PMC3837812,10.1128/AEM.02252-13,2013,Celeste J. Brown,plasmid conjugative
IncU,pMBUI7,KC170284.1,34006,BroadHostRange,uncultured bacterium,NA,NA,77133,Betaproteobacteria,class,E. coli K12Nal,Cupriavidus pinatubonensis JMP228gfp,NA,37,24096417,PMC3837812,10.1128/AEM.02252-13,2013,Celeste J. Brown,plasmid conjugative
IncU,pMBUI7,KC170284.1,34006,BroadHostRange,uncultured bacterium,NA,NA,77133,Alphaproteobacteria,class,E. coli K12Nal,Sinorhizobium meliloti RM1021,NA,37,24096417,PMC3837812,10.1128/AEM.02252-13,2013,Celeste J. Brown,plasmid conjugative
IncU,pMBUI3,KC170281.1,33736,BroadHostRange,uncultured bacterium,NA,NA,77133,Gammaproteobacteria,class,E. coli K12Nal,Pseudomonas putida UCW1gfp,NA,37,24096417,PMC3837812,10.1128/AEM.02252-13,2013,Celeste J. Brown,plasmid conjugative
IncU,pMBUI3,KC170281.1,33736,BroadHostRange,uncultured bacterium,NA,NA,77133,Betaproteobacteria,class,E. coli K12Nal,Cupriavidus pinatubonensis JMP228gfp,NA,37,24096417,PMC3837812,10.1128/AEM.02252-13,2013,Celeste J. Brown,plasmid conjugative
IncU,pMBUI3,KC170281.1,33736,BroadHostRange,uncultured bacterium,NA,NA,77133,Alphaproteobacteria,class,E. coli K12Nal,Sinorhizobium meliloti RM1021,NA,37,24096417,PMC3837812,10.1128/AEM.02252-13,2013,Celeste J. Brown,plasmid conjugative
PromA,pIPO2T,NC_003213.2,45319,WideHostRange,uncultured bacterium,NA,NA,77133,Proteobacteria,phylum,NA,NA,NA,NA,20851899,PMC2976507,,2010,Suzuki H,
PromA,pMRAD02,NC_010509,47003,WideHostRange,Methylobacterium radiotolerans,JCM 2831,NA,426355,Proteobacteria,phylum,NA,NA,NA,NA,20851899,PMC2976508,,2010,Suzuki H,
PromA,pSB102,NC_003122,55578,WideHostRange,uncultured bacterium,NA,NA,77133,Proteobacteria,phylum,NA,NA,NA,NA,20851899,PMC2976509,,2010,Suzuki H,
PromA,pTer331,NC_010332,40457,WideHostRange,Collimonas fungivorans,Ter331,NA,1005048,Proteobacteria,phylum,NA,NA,NA,NA,20851899,PMC2976510,,2010,Suzuki H,
Ri/Ti,pRi1724,NC_002575,217594,WideHostRange,Agrobacterium rhizogenes,MAFF03-01724,NA,359,Proteobacteria,phylum,NA,NA,NA,NA,20851899,PMC2976511,,2010,Suzuki H,
Ri/Ti,pRi2659,NC_010841,185462,WideHostRange,Agrobacterium rhizogenes,K599,NA,359,Proteobacteria,phylum,NA,NA,NA,NA,20851899,PMC2976512,,2010,Suzuki H,
Ri/Ti,pTi,NC_002377,194140,WideHostRange,Agrobacterium tumefaciens,NA,NA,358,Proteobacteria,phylum,NA,NA,NA,NA,20851899,PMC2976513,,2010,Suzuki H,
Ri/Ti,pTi-C58,NC_003065,214233,WideHostRange,Agrobacterium fabrum,C58,NA,176299,Proteobacteria,phylum,NA,NA,NA,NA,20851899,PMC2976514,,2010,Suzuki H,
Ri/Ti,pTi-SAKURA,NC_002147,206479,WideHostRange,Agrobacterium tumefaciens,MAFF301001,NA,358,Proteobacteria,phylum,NA,NA,NA,NA,20851899,PMC2976515,,2010,Suzuki H,
Ri/Ti,pTiBo542,NC_010929,244978,WideHostRange,Agrobacterium tumefaciens,Bo542,NA,358,Proteobacteria,phylum,NA,NA,NA,NA,20851899,PMC2976516,,2010,Suzuki H,
Ri/Ti,pTiS4,NC_011982,258824,WideHostRange,Agrobacterium vitis,NA,NA,311402,Proteobacteria,phylum,NA,NA,NA,NA,20851899,PMC2976517,,2010,Suzuki H,
IncC,pVCR94deltaX,KF551948.1,120572,BroadHostRange,Vibrio cholerae,BI144,NA,666,Enterobacterales,family,NA,NA,NA,NA,24567731,PMC3915882,,2014,Carraro N,"Enterobacteriaceae,Vibrio cholerae"
IncA/C,pRA1,NC_012885.1,143963,BroadHostRange,Aeromonas hydrophila,NA,NA,644,Enterobacterales,family,Aeromonas hydrophila,E. coli DH10B,9.20E-03,NA,19482926,PMC2715731,,2009,Fricke WF,
IncA/C,pRA1,FJ705807.1,143963,BroadHostRange,Aeromonas hydrophila,NA,NA,644,Enterobacteriaceae,family,Aeromonas hydrophila,E. coli DH10B,9.20E-03,NA,19482926,PMC2715731,,2009,Fricke WF,
IncA/C,pYR1,CP000602,158038,BroadHostRange,Yersinia ruckeri,YR71,NA,29486,Enterobacteriaceae,family,Yersinia ruckeri YR71,E. coli DH10B,5.00E-02,NA,19482926,PMC2715731,,2009,Fricke WF,
IncA/C,pN418,NA,NA,BroadHostRange,Salmonella enterica Heidelberg N418,N418,Heidelberg ,1030005,Enterobacteriaceae,family,Salmonella enterica Heidelberg N418,E. coli DH10B,2.90E-03,NA,19482926,PMC2715731,,2009,Fricke WF,
IncF,pCVM29188_146,CP001122,146811,BroadHostRange,Salmonella enterica Kentucky ,CVM29188,Kentucky ,439842,NA,NA,Salmonella enterica Kentucky CVM29188,E. coli DH10B,3.00E-04,37,19482926,PMC2715731,10.1128/JB.00189-09,2009,Fricke WF,
IncA/C,pIP1202,CP000603,182913,BroadHostRange,Yersinia pestis,IP275,NA,373665,Enterobacteriaceae,family,NA,NA,NA,NA,20138094,NA,,2010,Lindsey RL,
IncM,R69,KM406488.1,78899,BroadHostRange,Salmonella enterica subsp. enterica serovar Paratyphi B,NA,Paratyphi B,57045,Enterobacteriaceae,family,Escherichia coli,Escherichia coli,2.00E-03,NA,25933288,PMC4416936 ,,2015,Carattoli A,
IncL,R471,KM406489,86748,BroadHostRange,Serratia marcescens,NA,NA,615,Enterobacteriaceae,family,Escherichia coli,Escherichia coli,2.00E-03,NA,25933288,PMC4416936 ,,2015,Carattoli A,
IncL/M,p202c,KM406490,79502,BroadHostRange,Salmonella enterica Typhimurium,NA,Typhimurium,611,Enterobacteriaceae,family,Escherichia coli,Escherichia coli,2.00E-03,NA,25933288,PMC4416936 ,,2015,Carattoli A,
IncN,RPC3,LT985287.1,49251,BroadHostRange,Escherichia coli,NA,NA,562,NA,NA,NA,NA,NA,NA,NA,NA,,NA,NA,
IncP,RP4,Y12694.1,3457,BroadHostRange,Escherichia coli K-12,NA,NA,83333,NA,NA,NA,NA,NA,NA,9641980,NA,,1998,Rondot S,
IncW,Rsa,CP020471.1,157147,BroadHostRange,Rhodobacter blasticus,NA,NA,1075,NA,NA,NA,NA,NA,NA,30533667,PMC6256690 ,,2018,Anton BP,
IncX2,R6K,LT827129.1,39872,NarrowHostRange,Escherichia coli strain K12 J53,NA,NA,562,NA,NA,NA,NA,NA,NA,23980652,NA,,2013,Jain A,"When it was determined that the IncX plasmid group should be further subdivided into IncX1 and IncX2 using restriction analysis, plasmid R6K was classified into the IncX2 subgroup (Jones et al., 1993) (PMID:22470007)"
IncX2,R6K,LT827129.1,39872,NarrowHostRange,Escherichia coli strain K12 J53,Escherichia coli strain K12,Escherichia coli strain K12,562,NA,NA,Escherichia coli strain K12,Escherichia coli strain K12,1.00E-04,NA,9218765,NA,,1997,Nunez B,
IncW,pJD4,U20374.1,7426,BroadHostRange,Neisseria gonorrhoeae,NA,NA,485,NA,NA,NA,NA,NA,NA,23980652,NA,,2013,Jain A,
IncA/C,IncA/C-LS6,JX442976.1,171925,BroadHostRange,Klebsiella pneumoniae,NA,NA,573,NA,NA,NA,NA,NA,NA,23800906,NA,10.1093/jac/dkt235,2013,"Villa,L.",
IncA/C,pIP40A,KX709966.1,167554,BroadHostRange,Pseudomonas aeruginosa,NA,NA,287,NA,NA,Salmonella Agona 959SA97,Escherichia coli BM14,1.90E-02,NA,NA,NA,,2011,Gregory DOUARD,Thesis http://www.applis.univ-tours.fr/theses/2011/gregory.douard_3568.pdf
IncA/C,R55,AF332662.1,6179,BroadHostRange,Klebsiella pneumoniae,NA,NA,573,NA,NA,Salmonella Agona 959SA98,Escherichia coli BM15,3.40E-03,NA,NA,NA,,2011,Gregory DOUARD,Thesis http://www.applis.univ-tours.fr/theses/2011/gregory.douard_3568.pdf
IncA/C,R16a,KX156773.1,173094,BroadHostRange,Providencia stuartii,NA,NA,588,NA,NA,Salmonella Agona 959SA99,Escherichia coli BM16,8.90E-03,NA,NA,NA,,2011,Gregory DOUARD,Thesis http://www.applis.univ-tours.fr/theses/2011/gregory.douard_3568.pdf
IncA/C,p13688,NA,NA,BroadHostRange,Escherichia coli,NA,NA,562,NA,NA,Salmonella Agona 959SA100,Escherichia coli BM17,5.20E-06,NA,NA,NA,,2011,Gregory DOUARD,Thesis http://www.applis.univ-tours.fr/theses/2011/gregory.douard_3568.pdf
IncA/C,p13956,NA,NA,BroadHostRange,Escherichia coli,NA,NA,562,NA,NA,Salmonella Agona 959SA101,Escherichia coli BM18,2.20E-06,NA,NA,NA,,2011,Gregory DOUARD,Thesis http://www.applis.univ-tours.fr/theses/2011/gregory.douard_3568.pdf
IncA/C,pAM04528,NC_012693.1,158213,BroadHostRange,Salmonella enterica Newport,NA,Newport,108619,NA,NA,Salmonella Agona 959SA102,Escherichia coli BM19,1.00E-09,NA,NA,NA,,2011,Gregory DOUARD,Thesis http://www.applis.univ-tours.fr/theses/2011/gregory.douard_3568.pdf
IncA/C,pN418,NA,NA,BroadHostRange,Salmonella enterica Heidelberg,NA,NA,611,NA,NA,Salmonella Agona 959SA103,Escherichia coli BM20,1.00E-09,NA,NA,NA,,2011,Gregory DOUARD,Thesis http://www.applis.univ-tours.fr/theses/2011/gregory.douard_3568.pdf
IncHI2,pCEB6542,NA,NA,WideHostRange,Salmonella enterica,NA,NA,28901,NA,NA,Salmonella Agona 959SA104,Escherichia coli BM21,1.00E-09,NA,NA,NA,,2011,Gregory DOUARD,Thesis http://www.applis.univ-tours.fr/theses/2011/gregory.douard_3568.pdf
IncHI2,p1639-SA-00,NA,NA,WideHostRange,Salmonella enterica Virchow,NA,NA,48409,NA,NA,Salmonella Agona 959SA105,Escherichia coli BM22,1.00E-09,NA,NA,NA,,2011,Gregory DOUARD,Thesis http://www.applis.univ-tours.fr/theses/2011/gregory.douard_3568.pdf
IncHI2,p142-SA-01,NA,NA,WideHostRange,Salmonella enterica Virchow,NA,NA,48409,NA,NA,Salmonella Agona 959SA106,Escherichia coli BM23,1.00E-09,NA,NA,NA,,2011,Gregory DOUARD,Thesis http://www.applis.univ-tours.fr/theses/2011/gregory.douard_3568.pdf
IncHI2,p3464b,NA,NA,WideHostRange,Salmonella enterica Typhimurium,NA,NA,90371,NA,NA,Salmonella Agona 959SA107,Escherichia coli BM24,1.00E-09,NA,NA,NA,,2011,Gregory DOUARD,Thesis http://www.applis.univ-tours.fr/theses/2011/gregory.douard_3568.pdf
IncHI2,R478,U62007.2,12792,WideHostRange,Serratia marcescens,NA,NA,615,NA,NA,NA,NA,NA,NA,11390690,NA,,2001,Page DT,
IncHI1,R27,AF250878,180461,WideHostRange,Salmonella typhi,NA,NA,90370,NA,NA,NA,NA,NA,NA,10773089,NA,,2000,"Sherburne,C.K",
IncL/M,pSem,KM406490.1,79502,BroadHostRange,Salmonella enterica subsp. enterica serovar Typhimurium,NA,NA,90371,NA,NA,NA,NA,NA,NA,25933288,NA,,2015,"Carattoli,A.",
IncF,F,NC_002483,99159,NarrowHostRange,Escherichia coli,K-12,NA,83333,Enterobacteriaceae,family,Escherichia coli,Escherichia coli,1.00E-02,37,28842132,NA,10.1016/j.plasmid.2017.08.003 ,2017,Gama JA,From Fig S3
IncA/C,R16a,KX156773.1,173094,BroadHostRange,Providencia stuartii,NA,NA,588,NA,NA,Escherichia coli,Escherichia coli,1.00E-03,NA,28842132,NA,,2017,Gama JA,From Fig S3
IncA/C,R57b,NA,NA,BroadHostRange,Escherichia coli,K-12,NA,83333,NA,NA,Escherichia coli,Escherichia coli,1.00E-05,NA,28842132,NA,,2017,Gama JA,From Fig S3
IncX2,R6K,ExternalSource,39872,NarrowHostRange,Escherichia coli,K-12,NA,83333,NA,NA,Escherichia coli,Escherichia coli,1.00E-07,NA,28842132,NA,,2017,Gama JA,From Fig S3
IncN,RN3,NC_015599,54205,BroadHostRange,Escherichia coli,NA,NA,562,NA,NA,Escherichia coli,Escherichia coli,1.00E-04,NA,28842132,NA,,2017,Gama JA,From Fig S3
IncP-1,RP4,BN000925,60096,NarrowHostRange,Birmingham IncP-alpha plasmid,K-12,NA,35419,NA,NA,Escherichia coli,Escherichia coli,1.00E-03,NA,28842132,NA,,2017,Gama JA,From Fig S3
IncW,R388,BR000038,33913,BroadHostRange,Escherichia coli,NA,NA,562,NA,NA,Escherichia coli,Escherichia coli,1.00E-03,NA,28842132,NA,,2017,Gama JA,From Fig S3
IncN,pBK31551,JX193301,83712,BroadHostRange,Klebsiella pneumoniae,NA,NA,573,NA,NA,NA,NA,NA,NA,23114770,NA,,2013,"Chen,L.",
IncX5,pBK31567,JX193302,47387,NarrowHostRange,Klebsiella pneumoniae strain BK31567,NA,NA,573,NA,NA,NA,NA,NA,NA,23114770,NA,,2013,"Chen,L.",
IncA/C,pAR060302,HQ023864,166530,BroadHostRange,Escherichia coli,NA,NA,562,NA,NA,Escherichia coli,Escherichia coli,1.30E-03,NA,19949054,NA,,2010,"Call,D.R.",
IncA/C,peH4H,FJ621586,148105,BroadHostRange,Escherichia coli,H4H,NA,562,NA,NA,NA,NA,NA,NA,19949054,NA,,2010,"Call,D.R.",
IncA/C,pAM04528,FJ621587,158213,BroadHostRange,Salmonella enterica Newport,AM04528,NA,28901,NA,NA,NA,NA,NA,NA,19949054,NA,,2010,"Call,D.R.",
IncF,pKP048,FJ628167,151188,NarrowHostRange,Klebsiella pneumoniae,NA,NA,573,NA,NA,NA,NA,NA,NA,20547789,NA,,2010,"Jiang,Y.",
IncX,pJIE143,JN194214,34345,NarrowHostRange,Escherichia coli ST131,ST131,NA,562,NA,NA,NA,NA,NA,NA,21911569,NA,,2011,"Partridge,S.R.",
IncL/M,pOXA-48a,JN626286,61881,BroadHostRange,Klebsiella pneumoniae,NA,NA,573,NA,NA,E. coli J53,E. coli JM109,3.30E-05,NA,22083465,NA,,2012,"Poirel,L.",
IncL/M,pNDM-HK,HQ451074.1,88803,BroadHostRange,Escherichia coli,NA,NA,562,NA,NA,E. coli J53,E. coli JM109,2.50E-05,NA,22083465,NA,,2012,"Poirel,L.",
IncL/M,pCTX-M3,AF550415,89468,BroadHostRange,Citrobacter freundii,NA,NA,546,NA,NA,E. coli DH5alpha,E. coli DH5alpha,0.1,NA,17698626,NA,,2007,"Golebiewski,M.",
IncA/C,pMR0211,JN687470.1,178277,BroadHostRange,Providencia stuartii,NA,NA,588,NA,NA,P. stuartii MRSN 2154,E. coliJ53Az,3.40E-05,NA,22290972,NA,,2012,"Mc Gann,P.",
IncK,pCT,FN868832.1,93629,NarrowHostRange,Escherichia coli,NA,NA,562,NA,NA,Escherichia coli DH5alpha,Escherichia coli DH5alpha,1.00E-05,NA,21470454,PMC3377399 ,,2011,Cottell JL,
IncT,R394,NA,NA,NarrowHostRange,Escherichia coli,NA,NA,562,NA,NA,Escherichia coli K12,Escherichia coli K12,1.00E-04,NA,6759617,NA,,1982,Hauman JH,
IncT,Rst1,AP004237.1,217182,NarrowHostRange,Proteus vulgaris,NA,NA,585,NA,NA,NA,NA,NA,NA,12029035,NA,,2002,Murata T,
IncT,pT-OXA-181,NC_020123,83698,NarrowHostRange,Citrobacter freundii,CFSTE,NA,546,NA,NA,Citrobacter freundii, Escherichia coli J53,NA,NA,23357767,PMC3623325 ,10.1128/AAC.01297-12,2013,"Villa,L.",Mobilizable but non-self-conjugative IncT-type plasmid. Probably requires other plasmid to move. A large deletion that had occurred inside the transfer system genes
IncR,pK245,DQ449578.1 ,98264,BroadHostRange,Klebsiella pneumoniae,NA,NA,573,NA,NA,NA,NA,NA,NA,16940067,PMC1635178,,2006,"Chen,Y.T.",
IncR,pKP1780,JX424614.1,49770,BroadHostRange,Klebsiella pneumoniae,NA,NA,573,NA,NA,Klebsiella pneumoniae,Escherichia coli DH5alpha,NA,NA,23711894,NA,10.1093/jac/dkt196,2013,Papagiannitsis CC,plasmid non-conjugative
IncY,pMCR-1-P3,KX880944.1,97386,BroadHostRange,Escherichia coli,NA,NA,562,NA,NA,E. coli isolate P3 ,E. coli J53,1.00E-04,NA,28031198,PMC5328573 ,,2017,Zhang C,
IncY,pMCR-1-P3,KX880944.1,97386,BroadHostRange,Escherichia coli,NA,NA,562,NA,NA,E. coli isolate P3 ,Pseudomonas aeruginosa ATCC 9027,1.00E-01,NA,28031198,PMC5328573 ,,2017,Zhang C,
IncB/O,p3521,GU256641.1,110416,WideHostRange,Escherichia coli,NA,NA,562,NA,NA,NA,NA,NA,NA,20956594,NA,,2011,"Papagiannitsis,C.C.",
IncQ,RSF1010,M28829.1,8684,BroadHostRange,Escherichia coli,NA,NA,562,NA,NA,NA,NA,NA,NA,2653965,NA,,1989,"Scholz,P.",
PromA,pSFA231,KJ850907,41518,WideHostRange,Escherichia coli,NA,NA,562,NA,NA,NA,NA,NA,NA,25628616,NA,,2015,"Li,X.",
IncB/O,TP113 ,ExternalSource,96471,WideHostRange,Escherichia coli,NA,NA,562,NA,NA,Escherichia coli,Escherichia coli,NA,NA,24221045,NA,,1984,Gowland PC,No transfer was seen on a solid support 
IncA/C,pSMS35_130,NA,NA,NA,NA,NA,NA,NA,NA,NA,NA,NA,1.00E-04,NA,NA,NA,,NA,NA,
IncFII,pMC-NDM,HG003695.1,87619,NarrowHostRange,Escherichia coli,A15,NA,562,NA,NA,E.coli 5428/11,E. coli A15 ,2.00E-03,NA,24247128,NA,,2014,J. Fiett et.al.,
IncFII,pGUE-NDM,JQ364967,87021,NarrowHostRange,Escherichia coli,ST131,NA,562,NA,NA,Escherichia coli,E. coli strain J53,2.00E-04,NA,22511964,NA,,2012,"Bonnin,R.A.",
IncX4,pMCR1-IncX4,KU761327,33287,NarrowHostRange,Klebsiella pneumoniae,SZ04,NA,573,NA,NA,NA,NA,NA,NA,26842776,NA,10.1128/AAC.00550-16,2016,"Li,A.",
IncX3,pNDM5-IncX3,KU761328,46161,NarrowHostRange,Klebsiella pneumoniae,SZ04,NA,573,NA,NA,NA,NA,NA,NA,26842776,NA,10.1128/AAC.00550-16,2016,"Li,A.",
IncX4,pJIE143,JN194214,34345,NarrowHostRange,Escherichia coli,NA,NA,562,NA,NA,Escherichia coli,Escherichia coli,6.70E-07,NA,21911569,NA,,2011,"Partridge,S.R.",
IncX4,pBS512_33,CP001059,33103,NarrowHostRange,Shigella boydii,NA,NA,344609,NA,NA,NA,NA,NA,NA,21911569,NA,,2011,"Partridge,S.R.",
IncX4,pCROD2,FN543504,39265,NarrowHostRange,Citrobacter rodentium,NA,NA,637910,NA,NA,NA,NA,NA,NA,21911569,NA,10.1128/JB.01144-09.,2011,"Partridge,S.R.",
IncX4,pSH146_32,JX258655,32447,NarrowHostRange,Salmonella enterica,NA,Heidelberg,611,NA,NA,NA,NA,1.00E-04,NA,26842776,NA,10.1128/AAC.00550-16,2016,"Li,A.",
IncX4,pCSZ4,KX711706,33309,NarrowHostRange,Escherichia coli ,CSZ4,NA,562,Enterobacteriaceae,family,NA,NA,1.00E-01,NA,28336940,NA,10.1038/s41598-017-00095-x,2017,Sun J,
IncFII,pCROD1,FN543503,54449,NarrowHostRange,Citrobacter rodentium,NA,NA,637910,NA,NA,NA,NA,NA,NA,19897651,NA,10.1128/JB.01144-09.,2010,"Petty,N.K.","pCROD1, is nonconjugative; encodes two toxin/antitoxin (TA) addiction systems, PemIK and CcdAB; and has a replication locus similar to those of plasmids belonging to the incompatibility group IncFII, such as the E. coli plasmid R100"
IncHI1,pF8475,KP899804.1,210266,WideHostRange,Salmonella enterica,F8475 ,Typhimurium,28901,NA,NA,Salmonella enterica Typhimurium,Salmonella Typhimurium F98,NA,24,18606786,NA,https://doi.org/10.1093/jac/dkn286,2008,H. Hradecka,"pF8475, was quite unstable in Salmonella Typhimurium F98 after conjugational transfer in the absence of selective pressure"
IncHI1,pB71,KP899806.1,190730,WideHostRange,Salmonella enterica,B71,Typhimurium,28901,NA,NA,Salmonella enterica Typhimurium,Salmonella Typhimurium F98,NA,37,18606786,NA,https://doi.org/10.1093/jac/dkn286,2008,H. Hradecka,"pB71, was quite unstable in Salmonella Typhimurium F98 after conjugational transfer in the absence of selective pressure"
IncHI1,p109/9 ,KP899805.1,207203,WideHostRange,Salmonella enterica,109/9,Typhimurium,28901,NA,NA,Salmonella enterica Typhimurium,Salmonella Typhimurium F98,NA,37,18606786,NA,https://doi.org/10.1093/jac/dkn286,2008,H. Hradecka,"p109/9, was quite unstable in Salmonella Typhimurium F98 after conjugational transfer in the absence of selective pressure"
IncHI1,p8025,KP899803.1,311280,WideHostRange,Salmonella enterica,F8025,Typhimurium,28901,NA,NA,Salmonella enterica Typhimurium,Salmonella Typhimurium F98,NA,24,18606786,NA,https://doi.org/10.1093/jac/dkn286,2008,H. Hradecka,"IncHI1 is found in microbial populations in water and soil environments (Maher and Taylor 1993). IncHI1 plasmids were also found in human adapted bacterial pathogens, for example, in S. enterica serovar Typhi"
IncFI,pKDSC50,NC_002638.1,49503,NA,Salmonella enterica enterica,NA,Choleraesuis,119912,NA,NA,NA,NA,NA,NA,11254626,NA,10.1128/IAI.69.4.2612-2620.2001,2001,Haneda T,"pKDSC50, are known to be nonconjugative; plasmid non-conjugative"
IncFI,pSC138,NC_006856.1,138742,NA,Salmonella enterica enterica,NA,Choleraesuis,321314,NA,NA,NA,NA,NA,NA,15781495,NA,10.1093/nar/gki297,2005,Chiu CH,"The pSC138 is non-conjugative, but contains oriT sequence and a defective transfer system; therefore, it is probably mobilizable"
IncFI,pSCV50,NZ_CM001063.1,49558,NA,Salmonella enterica enterica,NA,Choleraesuis,904139,NA,NA,NA,NA,NA,NA,16257053,NA,10.1016/j.plasmid.2005.09.001,2006,Yu H,
IncG,pRms149,AJ877225.1,57121,NA,Pseudomonas aeruginosa,NA,NA,287,NA,NA,NA,NA,NA,NA,30619542,PMC6312765 ,doi:10.1016/j.plasmid.2005.11.003,2006,"Haines, A. S.","plasmid pRms149 (Haines et al., 2005), originally isolated from Pseudomonas aeruginosa (Sagai et al., 1975), where it is the only known member of the IncP-6 incompatibility group"
IncB/O,pJIE139,EU418926,87925,NarrowHostRange,Escherichia coli ,JIE139,NA,562,NA,NA,NA,NA,NA,NA,30761100,PMC6361801,https://doi.org/10.3389/fmicb.2019.00048,2019,Zhang D,
IncB/O,pSF-468-2,CP012627,92766,NarrowHostRange,Escherichia coli ,SF-468,NA,562,NA,NA,NA,NA,NA,NA,30761100,PMC6361801,https://doi.org/10.3389/fmicb.2019.00048,2019,Zhang D,
IncB/O,pO26-Vir,FJ386569,168100,NarrowHostRange,Escherichia coli ,H30,NA,562,NA,NA,NA,NA,NA,NA,30761100,PMC6361801,https://doi.org/10.3389/fmicb.2019.00048,2019,Zhang D,
IncB/O,pEC3I,KU932021,91885,NarrowHostRange,Escherichia coli ,NA,NA,562,NA,NA,NA,NA,NA,NA,30761100,PMC6361801,https://doi.org/10.3389/fmicb.2019.00048,2019,Zhang D,
IncB/O,pHUSEC41-1,HE603110,91942,NarrowHostRange,Escherichia coli ,HUSEC41,NA,562,NA,NA,NA,NA,NA,NA,30761100,PMC6361801,https://doi.org/10.3389/fmicb.2019.00048,2019,Zhang D,
IncB/O,pR3521,GU256641,110416,NarrowHostRange,Escherichia coli,NA,NA,562,NA,NA,NA,NA,NA,NA,30761100,PMC6361801,https://doi.org/10.3389/fmicb.2019.00048,2019,Zhang D,reference IncI1/B/O plasmid
IncK1,pKPC-LKEc,KC788405,145401,NarrowHostRange,Escherichia coli,NA,NA,562,NA,NA,NA,NA,NA,NA,30761100,PMC6361801,https://doi.org/10.3389/fmicb.2019.00048,2019,Zhang D,
IncK1,p69-3818,KT754167,119227,NarrowHostRange,Shigella dysenteriae 1,69-3818,NA,984897,NA,NA,NA,NA,NA,NA,30761100,PMC6361801,https://doi.org/10.3389/fmicb.2019.00048,2019,Zhang D,
IncK1,p92-9000,KT754166,121262,NarrowHostRange,Shigella dysenteriae 1,92-9000,NA,984897,NA,NA,NA,NA,NA,NA,30761100,PMC6361801,https://doi.org/10.3389/fmicb.2019.00048,2019,Zhang D,
IncK1,pCT,FN868832,93629,NarrowHostRange,Escherichia coli,NA,NA,562,NA,NA,NA,NA,NA,NA,30761100,PMC6361801,https://doi.org/10.3389/fmicb.2019.00048,2019,Zhang D,Reference plasmid
IncK1,pSERB1,AY686591,67034,NarrowHostRange,Escherichia coli,NA,NA,562,NA,NA,NA,NA,NA,NA,30761100,PMC6361801,https://doi.org/10.3389/fmicb.2019.00048,2019,Zhang D,
IncI1-gamma,pRK1,CP002968,102535,NarrowHostRange,Escherichia coli W,NA,NA,566546,NA,NA,NA,NA,NA,NA,30761100,PMC6361801,https://doi.org/10.3389/fmicb.2019.00048,2019,Zhang D,
IncK1,p61806-CTXM,MF344576,104270,NarrowHostRange,Escherichia coli,15061806,NA,562,NA,NA,NA,NA,NA,NA,30761100,PMC6361801,https://doi.org/10.3389/fmicb.2019.00048,2019,Zhang D,
IncK1,pV404,LM651376,101631,NarrowHostRange,Escherichia coli,NA,NA,562,NA,NA,NA,NA,NA,NA,30761100,PMC6361801,https://doi.org/10.3389/fmicb.2019.00048,2019,Zhang D,
IncK1,pFORC31.3,CP013193,66990,NarrowHostRange,Escherichia coli,FORC_031,NA,562,NA,NA,NA,NA,NA,NA,30761100,PMC6361801,https://doi.org/10.3389/fmicb.2019.00048,2019,Zhang D,
IncZ ,pO111-CRL-115,KC340959,115452,NarrowHostRange,Escherichia coli,NA,NA,562,NA,NA,NA,NA,NA,NA,30761100,PMC6361801,https://doi.org/10.3389/fmicb.2019.00048,2019,Zhang D,
IncZ,pO26-CRL-125,KC340960,124908,NarrowHostRange,Escherichia coli,NA,NA,562,NA,NA,NA,NA,NA,NA,30761100,PMC6361801,https://doi.org/10.3389/fmicb.2019.00048,2019,Zhang D,Reference plasmid
IncZ ,pH2332-107,KJ484627,107386,NarrowHostRange,Escherichia coli,NA,NA,562,NA,NA,NA,NA,NA,NA,30761100,PMC6361801,https://doi.org/10.3389/fmicb.2019.00048,2019,Zhang D,
IncZ ,pCP013024,CP013024,120611,NarrowHostRange,Escherichia coli,NA,NA,562,NA,NA,NA,NA,NA,NA,30761100,PMC6361801,https://doi.org/10.3389/fmicb.2019.00048,2019,Zhang D,
IncZ ,pL2-87,KJ484640,87042,NarrowHostRange,Escherichia coli,NA,NA,562,NA,NA,NA,NA,NA,NA,30761100,PMC6361801,https://doi.org/10.3389/fmicb.2019.00048,2019,Zhang D,
IncK2 ,pTMSA970,KR905388,79176,NarrowHostRange,Escherichia coli,MSA970,NA,562,NA,NA,NA,NA,NA,NA,30761100,PMC6361801,https://doi.org/10.3389/fmicb.2019.00048,2019,Zhang D,
IncK2 ,pTMSA992,KR905387,79782,NarrowHostRange,Escherichia coli,MSA992,NA,562,NA,NA,NA,NA,NA,NA,30761100,PMC6361801,https://doi.org/10.3389/fmicb.2019.00048,2019,Zhang D,
IncK2 ,pTMSA1088,KR905386,79297,NarrowHostRange,Escherichia coli,MSA1088,NA,562,NA,NA,NA,NA,NA,NA,30761100,PMC6361801,https://doi.org/10.3389/fmicb.2019.00048,2019,Zhang D,
IncK2 ,pDV10,KR905390,79277,NarrowHostRange,Escherichia coli,DV10,NA,562,NA,NA,NA,NA,NA,NA,30761100,PMC6361801,https://doi.org/10.3389/fmicb.2019.00048,2019,Zhang D,
IncK2 ,pDV45,KR905384,85963,NarrowHostRange,Escherichia coli,DV45,NA,562,NA,NA,NA,NA,NA,NA,30761100,PMC6361801,https://doi.org/10.3389/fmicb.2019.00048,2019,Zhang D,
IncK2 ,p4809.66,KR905389,85422,NarrowHostRange,Escherichia coli,NA,NA,562,NA,NA,NA,NA,NA,NA,30761100,PMC6361801,https://doi.org/10.3389/fmicb.2019.00048,2019,Zhang D,
IncK2 ,pNVI1292,KU312044,79298,NarrowHostRange,Escherichia coli,NA,NA,562,NA,NA,NA,NA,NA,NA,30761100,PMC6361801,https://doi.org/10.3389/fmicb.2019.00048,2019,Zhang D,
IncK2,p5312.29,KR905385,86455,NarrowHostRange,Escherichia coli,NA,NA,562,NA,NA,NA,NA,NA,NA,30761100,PMC6361801,https://doi.org/10.3389/fmicb.2019.00048,2019,Zhang D,Reference plasmid
IncX4,pFS170G,KX711707,34997,NarrowHostRange,Escherichia coli,FS170G,NA,562,NA,NA,NA,NA,1.00E-02,NA,28336940,NA,10.1038/s41598-017-00095-x,2017,Sun J,
IncX4,pPY1,KX711708,34924,NarrowHostRange,Escherichia coli,pPY1,NA,562,NA,NA,NA,NA,1.00E-03,NA,28336940,NA,10.1038/s41598-017-00095-x,2017,Sun J,
ColE1/ColRNAI,pTOR_02,JX843238,28080,NarrowHostRange,Escherichia coli,NA,NA,562,NA,NA,E. coli ,E. coli DH5alpha,3.90E-05,37,25389419,PMC4211555,10.3389/fmicb.2014.00558,2014,Rahube TO,
ColE1/ColRNAI,pTOR_02,JX843238,28080,NarrowHostRange,Escherichia coli,NA,NA,562,NA,NA,E. coli ,Pantoea agglomerans,1.50E-07,37,25389419,PMC4211555,10.3389/fmicb.2014.00558,2014,Rahube TO,
IncFII,pEFC36a,JX486126,87419,NarrowHostRange,Escherichia coli,NA,NA,562,NA,NA,E. coli DH5alpha,E. coli ,4.40E-01,37,25389419,PMC4211555,10.3389/fmicb.2014.00558,2014,Rahube TO,
IncP-1beta,pRWC72a,JX486125,61919,BroadHostRange,Escherichia coli,NA,NA,562,NA,NA,E. coli DH5alpha,E. coli ,9.70E-02,37,25389419,PMC4211555,10.3389/fmicb.2014.00558,2014,Rahube TO,
IncFII,pEFC36a,JX486126,87419,NarrowHostRange,Escherichia coli,NA,NA,562,NA,NA,E. coli ,Pantoea agglomerans,2.40E-05,37,25389419,PMC4211555,10.3389/fmicb.2014.00558,2014,Rahube TO,
IncP-1beta,pRWC72a,JX486125,61919,BroadHostRange,Escherichia coli,NA,NA,562,NA,NA,E. coli ,Pantoea agglomerans,3.60E-06,37,25389419,PMC4211555,10.3389/fmicb.2014.00558,2014,Rahube TO,
IncFII,pEFC36a,JX486126,87419,NarrowHostRange,Escherichia coli,NA,NA,562,NA,NA,Pantoea agglomerans,Pantoea ananatis,1.60E-03,37,25389419,PMC4211555,10.3389/fmicb.2014.00558,2014,Rahube TO,
IncP-1beta,pRWC72a,JX486125,61919,BroadHostRange,Escherichia coli,NA,NA,562,NA,NA,Pantoea agglomerans,Pantoea ananatis,3.70E-04,37,25389419,PMC4211555,10.3389/fmicb.2014.00558,2014,Rahube TO,
IncU,pTOR_01,JX843237,20914,BroadHostRange,Escherichia coli,NA,NA,562,NA,NA,E. coli DH5alpha,E. coli ,NA,37,25389419,PMC4211555,10.3389/fmicb.2014.00558,2014,Rahube TO,plasmid non-conjugative
ColE1/ColRNAI,pIGMS31,AY543072.1,2520,NarrowHostRange,Klebsiella pneumoniae,NA,NA,573,NA,NA,NA,NA,NA,NA,24777092,PMC4068535,10.1128/AAC.02412-14,2014,Alessandra Carattoli,
ColE1/ColRNAI,pIGMS32,DQ298019,9294,NarrowHostRange,Klebsiella pneumoniae,NA,NA,573,NA,NA,NA,NA,NA,NA,24777092,PMC4068535,10.1128/AAC.02412-14,2014,Alessandra Carattoli,
ColE1/ColRNAI,pIGRK,AY543071,2348,NarrowHostRange,Klebsiella pneumoniae,NA,NA,573,NA,NA,NA,NA,NA,NA,24777092,PMC4068535,10.1128/AAC.02412-14,2014,Alessandra Carattoli,
ColE1/ColRNAI,pIGJC156,EU090225,5146,NarrowHostRange,Escherichia coli,NA,NA,562,NA,NA,NA,NA,NA,NA,25389419,PMC4211555,10.3389/fmicb.2014.00558,2014,Rahube TO,
ColE1/ColRNAI,pASL01a,JQ480155,27072,NarrowHostRange,Escherichia coli,NA,NA,562,NA,NA,NA,NA,NA,NA,25389419,PMC4211555,10.3389/fmicb.2014.00558,2014,Rahube TO,
ColE1/ColRNAI,pCE10B,CP003036,5163,NarrowHostRange,Escherichia coli,NA,NA,562,NA,NA,NA,NA,NA,NA,25389419,PMC4211555,10.3389/fmicb.2014.00558,2014,Rahube TO,
ColE2/ColRNAI,pKPHS4,CP003226,3751,NarrowHostRange,Escherichia coli,NA,NA,562,NA,NA,NA,NA,NA,NA,25389419,PMC4211555,10.3389/fmicb.2014.00558,2014,Rahube TO,
ColE1/ColRNAI,pMG828,DQ995354,7462,NarrowHostRange,Escherichia coli,NA,NA,562,NA,NA,NA,NA,NA,NA,25389419,PMC4211555,10.3389/fmicb.2014.00558,2014,Rahube TO,
ColE1/ColRNAI,pBR322,J01749.1,4361,NarrowHostRange,E. coli K-12 ,NA,NA,562,NA,NA,E. coli K-12 JC7200 ,E. coli J54,2.50E-08,37,6263753,NA,NA,1981,"Covarrubias,L.",It has been demonstrated that the nonconjugative plasmid ColE1 can be mobilized by the self-transmissible plasmids F or R64drdl 1 
ColE1/ColRNAI,pKPHS5,CP003227.1,3353,NarrowHostRange,Klebsiella pneumoniae,NA,NA,573,NA,NA,NA,NA,NA,NA,26169555,NA,https://doi.org/10.1093/jac/dkv204,2015,Bi D,
Col/ColRNAI,pKPHS6,CP003228.1,1308,NarrowHostRange,Klebsiella pneumoniae,NA,NA,573,NA,NA,NA,NA,NA,NA,26169555,NA,https://doi.org/10.1093/jac/dkv204,2015,Bi D,
ColE1/ColRNAI,pYF27601,JF937655.1,5574,NarrowHostRange,Yersinia frederiksenii,NA,NA,29484,NA,NA,NA,NA,NA,NA,22343298,PMC3318472 ,10.1128/JB.05885-11,2015,"Bosak,J.",
ColE1/ColRNAI,pColE1,CP014198.2,7057,NarrowHostRange,Escherichia coli,NA,NA,562,NA,NA,NA,NA,NA,NA,26802429,PMC4825418 ,10.1093/gbe/evw008,2016,Kurylo CM,A third of the 6.6 kb genome of ColE1 is devoted to mobilization (mob) genes necessary to promote its specific transfer in the presence of conjugative plasmids (PMID:2671664)
ColE1/ColRNAI,pColK-K235 ,AY929248,8318,NarrowHostRange,Escherichia coli,NA,NA,562,NA,NA,NA,NA,NA,NA,17122402,PMC1800769 ,10.1128/AEM.01780-06,2007,Rijavec M,
ColE1/ColRNAI,pWQ799,L39794.1,6915,NarrowHostRange,Salmonella enterica,NA,Borreze,59201,NA,NA,NA,NA,NA,NA,17122402,PMC1800769 ,10.1128/AEM.01780-06,2007,Rijavec M,
ColE-like/ColRNAI,pECY6-7,GQ374156.1,2699,NarrowHostRange,Escherichia coli,NA,NA,562,NA,NA,NA,NA,NA,NA,20008783,PMC2812132 ,10.1128/AAC.01160-09,2010,"Pallecchi,L.",
ColE-like/ColRNAI,pSGI15,FN428572.1,2699,NarrowHostRange,Salmonella enterica,NA,Typhimurium,90371,Enterobacterales,order,NA,NA,NA,NA,20008783,PMC2812132 ,10.1128/AAC.01160-09,2010,"Pallecchi,L.","Plasmid identical to pECY6-7 was identified in a Salmonella enterica serovar Typhimurium strain of human origin isolated in The Netherlands (GenBank accession no. FN428572) (14), suggesting that the dissemination of this plasmid could be even more widespread"
ColE-like/ColRNAI,pEC14-9,GQ374157.1,3071,NarrowHostRange,Escherichia coli,NA,NA,562,NA,NA,NA,NA,NA,NA,20008783,PMC2812132 ,10.1128/AAC.01160-09,2010,"Pallecchi,L.",
ColE-like/ColRNAI,pColE-LS6,JX442973,14709,NarrowHostRange,Klebsiella pneumoniae,NA,NA,573,NA,NA,NA,NA,NA,NA,23800906,NA,10.1093/jac/dkt235,2013,"Villa,L.",
ColE2/ColRNAI,pAQ2-1,JN315884,6900,NarrowHostRange,Aeromonas sobria,NA,NA,646,NA,NA,NA,NA,NA,NA,22862417,NA,10.1111/j.1472-765X.2012.03293.x,2012,J.E. Han,
ColE2/ColRNAI,pAQ2-2,JN315885,6903,NarrowHostRange,Aeromonas hydrophila,NA,NA,644,NA,NA,NA,NA,NA,NA,22862417,NA,10.1111/j.1472-765X.2012.03293.x,2012,J.E. Han,
ColE2/ColRNAI,pAsa3,AY301065.1,5616,NarrowHostRange,Aeromonas salmonicida,NA,NA,382245,NA,NA,NA,NA,NA,NA,22862417,NA,10.1111/j.1472-765X.2012.03293.x,2012,J.E. Han,
ColE2/ColRNAI,pAsa1,AY301063.1,5424,NarrowHostRange,Aeromonas salmonicida,NA,NA,382245,NA,NA,NA,NA,NA,NA,22862417,NA,10.1111/j.1472-765X.2012.03293.x,2012,J.E. Han,
IncX1,pNMEC31_31,JN935897,31684,NarrowHostRange,Escherichia coli,NA,NA,562,NA,NA,NA,NA,NA,NA,22470007,NA,10.1016/j.plasmid.2012.03.001,2012,TJ Johnson,
IncX1,pRPEC180_47,JN935898,47506,NarrowHostRange,Escherichia coli,NA,NA,562,NA,NA,NA,NA,NA,NA,22470007,NA,10.1016/j.plasmid.2012.03.001,2012,TJ Johnson,
IncX1,pDKX1-TEM-52,JQ269336,38611,NarrowHostRange,Escherichia coli,NA,NA,562,NA,NA,NA,NA,NA,NA,22470007,NA,10.1016/j.plasmid.2012.03.001,2012,TJ Johnson,
IncX1,pOLA52,EU370913,51602,NarrowHostRange,Escherichia coli,NA,NA,562,NA,NA,E. coli Genehogs ,E. coli MC4100,9.00E-02,37,21625636,PMC3097218,10.1371/journal.pone.0019912,2011,Lars H. Hansen,
IncX1,pLN126_33,HE578058,32533,NarrowHostRange,Shigella sp. LN126,NA,NA,1072659,NA,NA,NA,NA,NA,NA,22470007,NA,10.1016/j.plasmid.2012.03.001,2012,TJ Johnson,
IncX1,pX1.0,HM114226,30199,NarrowHostRange,Escherichia coli,NA,NA,562,NA,NA,Escherichia coli,Salmonella Typhimurium,3.70E-04,37,21625636,PMC3097218,10.1371/journal.pone.0019912,2011,Lars H. Hansen,
IncX1,pX1.0,HM114226,30199,NarrowHostRange,Escherichia coli,NA,NA,562,NA,NA,Escherichia coli,Escherichia coli,5.50E-03,37,21625636,PMC3097218,10.1371/journal.pone.0019912,2011,Lars H. Hansen,
IncX1,pE001,JF776874,38611,NarrowHostRange,Escherichia coli,2161,NA,562,NA,NA,NA,NA,NA,NA,22470007,NA,10.1016/j.plasmid.2012.03.001,2012,TJ Johnson,
IncX1,pOU1114,DQ115387,34595,NarrowHostRange,Salmonella enterica,NA,Dublin,98360,NA,NA,NA,NA,NA,NA,22470007,NA,10.1016/j.plasmid.2012.03.001,2012,TJ Johnson,
IncX1,pSE34,EU219533,32950,NarrowHostRange,Salmonella enterica,Sal550,Enteritidis ,149539,NA,NA,NA,NA,NA,NA,22470007,NA,10.1016/j.plasmid.2012.03.001,2012,TJ Johnson,
IncX1,pMAS2027,FJ666132,42644,NarrowHostRange,Escherichia coli,NA,NA,562,NA,NA,NA,NA,NA,NA,22470007,NA,10.1016/j.plasmid.2012.03.001,2012,TJ Johnson,
IncX1,p2ESCUM,CU928149,33809,NarrowHostRange,Escherichia coli,UMN026,NA,585056,NA,NA,NA,NA,NA,NA,22470007,NA,10.1016/j.plasmid.2012.03.001,2012,TJ Johnson,
IncX1,pIncX-SHV,JN247852,43380,NarrowHostRange,Klebsiella pneumoniae,NA,NA,573,NA,NA,NA,NA,NA,NA,22470007,NA,10.1016/j.plasmid.2012.03.001,2012,TJ Johnson,
IncX2,pNGX2-QnrS1,JQ269335,34294,NarrowHostRange,Escherichia coli,NA,NA,562,NA,NA,NA,NA,NA,NA,22470007,NA,10.1016/j.plasmid.2012.03.001,2012,TJ Johnson,
IncX3,pEC14_35,JN935899,34945,NarrowHostRange,Escherichia coli,NA,NA,562,NA,NA,NA,NA,NA,NA,22470007,NA,10.1016/j.plasmid.2012.03.001,2012,TJ Johnson,
IncX4,pUMNF18_32,AGTD01000006.1,32487,NarrowHostRange,Escherichia coli,UMNF18,NA,1050617,NA,NA,NA,NA,NA,NA,22470007,NA,10.1016/j.plasmid.2012.03.001,2012,TJ Johnson,
